chromosome,start,context,cluster,methylation_diff,p_value,q_value,direction
chr1,55400000,mCG,c3,0.0068871944653701,0.0445525578652513,0.5350008210387279,Increased in Stressed
chr1,59000000,mCG,c3,0.0104989305857008,0.0445525578652513,0.5350008210387279,Increased in Stressed
chr1,59100000,mCG,c3,0.0105471509496335,0.0445525578652513,0.5350008210387279,Increased in Stressed
chr1,59200000,mCG,c3,0.0105943402044719,0.0368175340311563,0.5350008210387279,Increased in Stressed
chr1,59300000,mCG,c3,0.0106406581178739,0.0445525578652513,0.5350008210387279,Increased in Stressed
chr1,59400000,mCG,c3,0.0106862185125911,0.0445525578652513,0.5350008210387279,Increased in Stressed
chr1,59500000,mCG,c3,0.010731113131799,0.0445525578652513,0.5350008210387279,Increased in Stressed
chr1,59600000,mCG,c3,0.0107754117381546,0.0445525578652513,0.5350008210387279,Increased in Stressed
chr1,60100000,mCG,c3,0.0109892724013973,0.0445525578652513,0.5350008210387279,Increased in Stressed
chr1,60200000,mCG,c3,0.0110306522665457,0.0445525578652513,0.5350008210387279,Increased in Stressed
chr1,60300000,mCG,c3,0.0110715482560828,0.0368175340311563,0.5350008210387279,Increased in Stressed
chr1,60400000,mCG,c3,0.011111915160598,0.0302324438547348,0.5350008210387279,Increased in Stressed
chr1,60500000,mCG,c3,0.0111517014573778,0.0302324438547348,0.5350008210387279,Increased in Stressed
chr1,60600000,mCG,c3,0.0111908250475645,0.0302324438547348,0.5350008210387279,Increased in Stressed
chr1,60700000,mCG,c3,0.0112291670083064,0.0302324438547348,0.5350008210387279,Increased in Stressed
chr1,60800000,mCG,c3,0.0112665646061647,0.024610545972775,0.5350008210387279,Increased in Stressed
chr1,60900000,mCG,c3,0.0113028296552517,0.024610545972775,0.5350008210387279,Increased in Stressed
chr1,61000000,mCG,c3,0.0113377832816219,0.024610545972775,0.5350008210387279,Increased in Stressed
chr1,61100000,mCG,c3,0.0113712548881126,0.024610545972775,0.5350008210387279,Increased in Stressed
chr1,61200000,mCG,c3,0.0114030669538693,0.024610545972775,0.5350008210387279,Increased in Stressed
chr1,61300000,mCG,c3,0.0114330535528275,0.024610545972775,0.5350008210387279,Increased in Stressed
chr1,61400000,mCG,c3,0.011461071892731,0.024610545972775,0.5350008210387279,Increased in Stressed
chr1,61500000,mCG,c3,0.0114869882611521,0.024610545972775,0.5350008210387279,Increased in Stressed
chr1,61600000,mCG,c3,0.0115106820187373,0.024610545972775,0.5350008210387279,Increased in Stressed
chr1,61700000,mCG,c3,0.0115320108212408,0.0302324438547348,0.5350008210387279,Increased in Stressed
chr1,61800000,mCG,c3,0.0115507951932776,0.0368175340311563,0.5350008210387279,Increased in Stressed
chr1,61900000,mCG,c3,0.011566822654544,0.0368175340311563,0.5350008210387279,Increased in Stressed
chr1,62000000,mCG,c3,0.0115799232899944,0.0368175340311563,0.5350008210387279,Increased in Stressed
chr1,62100000,mCG,c3,0.0115899457620987,0.0368175340311563,0.5350008210387279,Increased in Stressed
chr1,62200000,mCG,c3,0.011596735390716,0.0368175340311563,0.5350008210387279,Increased in Stressed
chr1,62300000,mCG,c3,0.0116001520504835,0.0368175340311563,0.5350008210387279,Increased in Stressed
chr1,62400000,mCG,c3,0.0116000542077168,0.0302324438547348,0.5350008210387279,Increased in Stressed
chr1,62500000,mCG,c3,0.0115963138200612,0.0302324438547348,0.5350008210387279,Increased in Stressed
chr1,62600000,mCG,c3,0.0115888224899356,0.0302324438547348,0.5350008210387279,Increased in Stressed
chr1,62700000,mCG,c3,0.011577505466797,0.0302324438547348,0.5350008210387279,Increased in Stressed
chr1,62800000,mCG,c3,0.011562330945998,0.0302324438547348,0.5350008210387279,Increased in Stressed
chr1,62900000,mCG,c3,0.0115432799279084,0.0302324438547348,0.5350008210387279,Increased in Stressed
chr1,63000000,mCG,c3,0.0115204006932214,0.0302324438547348,0.5350008210387279,Increased in Stressed
chr1,63100000,mCG,c3,0.0114937596900352,0.0302324438547348,0.5350008210387279,Increased in Stressed
chr1,63200000,mCG,c3,0.0114634158230697,0.0302324438547348,0.5350008210387279,Increased in Stressed
chr1,63300000,mCG,c3,0.0114294264541561,0.0302324438547348,0.5350008210387279,Increased in Stressed
chr1,63400000,mCG,c3,0.0113918644844259,0.0302324438547348,0.5350008210387279,Increased in Stressed
chr1,63500000,mCG,c3,0.0113508179008081,0.0302324438547348,0.5350008210387279,Increased in Stressed
chr1,63600000,mCG,c3,0.0113064059075769,0.0302324438547348,0.5350008210387279,Increased in Stressed
chr1,63700000,mCG,c3,0.0112587595689555,0.0302324438547348,0.5350008210387279,Increased in Stressed
chr1,63800000,mCG,c3,0.0112080137652466,0.0368175340311563,0.5350008210387279,Increased in Stressed
chr1,63900000,mCG,c3,0.0111542998653391,0.0368175340311563,0.5350008210387279,Increased in Stressed
chr1,64000000,mCG,c3,0.011097744028629,0.0445525578652513,0.5350008210387279,Increased in Stressed
chr1,64100000,mCG,c3,0.011038457870282,0.0445525578652513,0.5350008210387279,Increased in Stressed
chr1,64600000,mCG,c3,0.0107047887615727,0.0445525578652513,0.5350008210387279,Increased in Stressed
chr1,64700000,mCG,c3,0.0106311470643656,0.0445525578652513,0.5350008210387279,Increased in Stressed
chr1,64800000,mCG,c3,0.0105553152157478,0.0445525578652513,0.5350008210387279,Increased in Stressed
chr1,64900000,mCG,c3,0.0104773498797998,0.0368175340311563,0.5350008210387279,Increased in Stressed
chr1,65000000,mCG,c3,0.0103973138494752,0.0368175340311563,0.5350008210387279,Increased in Stressed
chr1,65100000,mCG,c3,0.0103152757424678,0.0445525578652513,0.5350008210387279,Increased in Stressed
chr1,65200000,mCG,c3,0.0102313010387224,0.0368175340311563,0.5350008210387279,Increased in Stressed
chr1,65300000,mCG,c3,0.0101454697383325,0.0368175340311563,0.5350008210387279,Increased in Stressed
chr1,65400000,mCG,c3,0.0100578694961508,0.0368175340311563,0.5350008210387279,Increased in Stressed
chr1,65500000,mCG,c3,0.0099685742680215,0.0302324438547348,0.5350008210387279,Increased in Stressed
chr1,65600000,mCG,c3,0.0098776451514404,0.0302324438547348,0.5350008210387279,Increased in Stressed
chr1,65700000,mCG,c3,0.0097851451165018,0.0302324438547348,0.5350008210387279,Increased in Stressed
chr1,65800000,mCG,c3,0.0096911401593331,0.0302324438547348,0.5350008210387279,Increased in Stressed
chr1,65900000,mCG,c3,0.0095956568041415,0.0302324438547348,0.5350008210387279,Increased in Stressed
chr1,66000000,mCG,c3,0.0094986870192439,0.0302324438547348,0.5350008210387279,Increased in Stressed
chr1,66100000,mCG,c3,0.0094002132996449,0.0302324438547348,0.5350008210387279,Increased in Stressed
chr1,66200000,mCG,c3,0.0093002092779224,0.0302324438547348,0.5350008210387279,Increased in Stressed
chr1,66300000,mCG,c3,0.0091986647986348,0.0302324438547348,0.5350008210387279,Increased in Stressed
chr1,66400000,mCG,c3,0.0090955725295844,0.0302324438547348,0.5350008210387279,Increased in Stressed
chr1,66500000,mCG,c3,0.008990946696705,0.024610545972775,0.5350008210387279,Increased in Stressed
chr1,66600000,mCG,c3,0.0088848595095993,0.024610545972775,0.5350008210387279,Increased in Stressed
chr1,66700000,mCG,c3,0.0087773853660388,0.024610545972775,0.5350008210387279,Increased in Stressed
chr1,66800000,mCG,c3,0.008668574831449,0.024610545972775,0.5350008210387279,Increased in Stressed
chr1,66900000,mCG,c3,0.0085584763487678,0.024610545972775,0.5350008210387279,Increased in Stressed
chr1,67000000,mCG,c3,0.0084471433321966,0.024610545972775,0.5350008210387279,Increased in Stressed
chr1,67100000,mCG,c3,0.0083346328348616,0.024610545972775,0.5350008210387279,Increased in Stressed
chr1,67200000,mCG,c3,0.0082210012985093,0.024610545972775,0.5350008210387279,Increased in Stressed
chr1,67300000,mCG,c3,0.0081063073032763,0.0368175340311563,0.5350008210387279,Increased in Stressed
chr1,67400000,mCG,c3,0.0079906166159955,0.0445525578652513,0.5350008210387279,Increased in Stressed
chr1,80900000,mCG,c3,0.0060963359489067,0.0445525578652513,0.5350008210387279,Increased in Stressed
chr1,81000000,mCG,c3,0.0062108946493829,0.0368175340311563,0.5350008210387279,Increased in Stressed
chr1,81100000,mCG,c3,0.0063257651266751,0.0368175340311563,0.5350008210387279,Increased in Stressed
chr1,81200000,mCG,c3,0.0064406788657003,0.0368175340311563,0.5350008210387279,Increased in Stressed
chr1,81300000,mCG,c3,0.0065553809235674,0.0445525578652513,0.5350008210387279,Increased in Stressed
chr1,81400000,mCG,c3,0.0066696306201733,0.0445525578652513,0.5350008210387279,Increased in Stressed
chr1,81500000,mCG,c3,0.0067832028858093,0.0368175340311563,0.5350008210387279,Increased in Stressed
chr1,81600000,mCG,c3,0.0068958461327141,0.0302324438547348,0.5350008210387279,Increased in Stressed
chr1,81700000,mCG,c3,0.0070072933770956,0.0302324438547348,0.5350008210387279,Increased in Stressed
chr1,81800000,mCG,c3,0.0071172803777399,0.0302324438547348,0.5350008210387279,Increased in Stressed
chr1,81900000,mCG,c3,0.0072255617276485,0.0302324438547348,0.5350008210387279,Increased in Stressed
chr1,82000000,mCG,c3,0.007331893737789,0.024610545972775,0.5350008210387279,Increased in Stressed
chr1,82100000,mCG,c3,0.0074360147505676,0.0302324438547348,0.5350008210387279,Increased in Stressed
chr1,82200000,mCG,c3,0.0075376785901167,0.0302324438547348,0.5350008210387279,Increased in Stressed
chr1,82300000,mCG,c3,0.0076366880340036,0.0198928694284731,0.5350008210387279,Increased in Stressed
chr1,82400000,mCG,c3,0.0077329052013176,0.0198928694284731,0.5350008210387279,Increased in Stressed
chr1,82500000,mCG,c3,0.0078262131644004,0.0198928694284731,0.5350008210387279,Increased in Stressed
chr1,82600000,mCG,c3,0.0079165129969996,0.0198928694284731,0.5350008210387279,Increased in Stressed
chr1,82700000,mCG,c3,0.0080037248795092,0.0198928694284731,0.5350008210387279,Increased in Stressed
chr1,82800000,mCG,c3,0.0080877916327908,0.0198928694284731,0.5350008210387279,Increased in Stressed
chr1,82900000,mCG,c3,0.0081686782852199,0.015922158337019,0.5350008210387279,Increased in Stressed
chr1,83000000,mCG,c3,0.008246361390641,0.015922158337019,0.5350008210387279,Increased in Stressed
chr1,83100000,mCG,c3,0.0083208538120731,0.0126492702344095,0.5350008210387279,Increased in Stressed
chr1,83200000,mCG,c3,0.0083922036376618,0.0126492702344095,0.5350008210387279,Increased in Stressed
chr1,83300000,mCG,c3,0.0084604654769786,0.0126492702344095,0.5350008210387279,Increased in Stressed
chr1,83400000,mCG,c3,0.0085256800045501,0.0126492702344095,0.5350008210387279,Increased in Stressed
chr1,83500000,mCG,c3,0.0085878610559735,0.015922158337019,0.5350008210387279,Increased in Stressed
chr1,83600000,mCG,c3,0.0086470354507259,0.015922158337019,0.5350008210387279,Increased in Stressed
chr1,83700000,mCG,c3,0.0087032483620138,0.015922158337019,0.5350008210387279,Increased in Stressed
chr1,83800000,mCG,c3,0.0087565758103848,0.015922158337019,0.5350008210387279,Increased in Stressed
chr1,83900000,mCG,c3,0.0088071423067288,0.015922158337019,0.5350008210387279,Increased in Stressed
chr1,84000000,mCG,c3,0.0088551053867018,0.0126492702344095,0.5350008210387279,Increased in Stressed
chr1,84100000,mCG,c3,0.0089006639670899,0.0126492702344095,0.5350008210387279,Increased in Stressed
chr1,84200000,mCG,c3,0.0089440096574332,0.0099366062214359,0.5350008210387279,Increased in Stressed
chr1,84300000,mCG,c3,0.0089853019415891,0.0126492702344095,0.5350008210387279,Increased in Stressed
chr1,84400000,mCG,c3,0.0090246953100907,0.0126492702344095,0.5350008210387279,Increased in Stressed
chr1,84500000,mCG,c3,0.0090623296845816,0.0126492702344095,0.5350008210387279,Increased in Stressed
chr1,84600000,mCG,c3,0.0090983416899184,0.0126492702344095,0.5350008210387279,Increased in Stressed
chr1,84700000,mCG,c3,0.0091328717425708,0.0126492702344095,0.5350008210387279,Increased in Stressed
chr1,84800000,mCG,c3,0.0091660562693201,0.0126492702344095,0.5350008210387279,Increased in Stressed
chr1,84900000,mCG,c3,0.0091980384509997,0.0126492702344095,0.5350008210387279,Increased in Stressed
chr1,85000000,mCG,c3,0.0092289737532745,0.0126492702344095,0.5350008210387279,Increased in Stressed
chr1,85100000,mCG,c3,0.0092590091550353,0.015922158337019,0.5350008210387279,Increased in Stressed
chr1,85200000,mCG,c3,0.0092882932366856,0.015922158337019,0.5350008210387279,Increased in Stressed
chr1,85300000,mCG,c3,0.0093169558292762,0.015922158337019,0.5350008210387279,Increased in Stressed
chr1,85400000,mCG,c3,0.009345105022791,0.015922158337019,0.5350008210387279,Increased in Stressed
chr1,85500000,mCG,c3,0.009372841302033,0.0126492702344095,0.5350008210387279,Increased in Stressed
chr1,85600000,mCG,c3,0.0094002353216888,0.0126492702344095,0.5350008210387279,Increased in Stressed
chr1,85700000,mCG,c3,0.0094273640124314,0.0126492702344095,0.5350008210387279,Increased in Stressed
chr1,85800000,mCG,c3,0.0094542889292956,0.0126492702344095,0.5350008210387279,Increased in Stressed
chr1,85900000,mCG,c3,0.009481054936225,0.0126492702344095,0.5350008210387279,Increased in Stressed
chr1,86000000,mCG,c3,0.0095076790605813,0.0126492702344095,0.5350008210387279,Increased in Stressed
chr1,86100000,mCG,c3,0.0095341604520314,0.0126492702344095,0.5350008210387279,Increased in Stressed
chr1,86400000,mCG,c3,0.0096125681882676,0.0126492702344095,0.5350008210387279,Increased in Stressed
chr1,86500000,mCG,c3,0.0096382673798391,0.0126492702344095,0.5350008210387279,Increased in Stressed
chr1,87700000,mCG,c3,0.0099047708634537,0.0198928694284731,0.5350008210387279,Increased in Stressed
chr1,87800000,mCG,c3,0.0099227510604451,0.015922158337019,0.5350008210387279,Increased in Stressed
chr1,87900000,mCG,c3,0.0099399910158682,0.015922158337019,0.5350008210387279,Increased in Stressed
chr1,88000000,mCG,c3,0.0099564544925528,0.015922158337019,0.5350008210387279,Increased in Stressed
chr1,88100000,mCG,c3,0.0099721173464728,0.015922158337019,0.5350008210387279,Increased in Stressed
chr1,88200000,mCG,c3,0.0099869637476596,0.0198928694284731,0.5350008210387279,Increased in Stressed
chr1,88300000,mCG,c3,0.010001009551718,0.0198928694284731,0.5350008210387279,Increased in Stressed
chr1,88400000,mCG,c3,0.010014318407772,0.0198928694284731,0.5350008210387279,Increased in Stressed
chr1,88500000,mCG,c3,0.0100269749896617,0.0198928694284731,0.5350008210387279,Increased in Stressed
chr1,88600000,mCG,c3,0.0100390592234229,0.024610545972775,0.5350008210387279,Increased in Stressed
chr1,88700000,mCG,c3,0.0100506455343125,0.0302324438547348,0.5350008210387279,Increased in Stressed
chr1,88800000,mCG,c3,0.0100618229726217,0.0302324438547348,0.5350008210387279,Increased in Stressed
chr1,88900000,mCG,c3,0.0100726852238793,0.0445525578652513,0.5350008210387279,Increased in Stressed
chr1,89000000,mCG,c3,0.0100833039845801,0.0445525578652513,0.5350008210387279,Increased in Stressed
chr1,89100000,mCG,c3,0.0100937282190167,0.0445525578652513,0.5350008210387279,Increased in Stressed
chr1,89200000,mCG,c3,0.0101040120702093,0.0445525578652513,0.5350008210387279,Increased in Stressed
chr1,89300000,mCG,c3,0.0101142281762028,0.0368175340311563,0.5350008210387279,Increased in Stressed
chr1,89400000,mCG,c3,0.0101244341333186,0.0445525578652513,0.5350008210387279,Increased in Stressed
chr1,89500000,mCG,c3,0.0101346523926522,0.0445525578652513,0.5350008210387279,Increased in Stressed
chr1,89600000,mCG,c3,0.0101449070425205,0.0445525578652513,0.5350008210387279,Increased in Stressed
chr1,134400000,mCG,c3,0.0075827339279195,0.0445525578652513,0.5350008210387279,Increased in Stressed
chr1,134500000,mCG,c3,0.007623890313225,0.0445525578652513,0.5350008210387279,Increased in Stressed
chr1,134600000,mCG,c3,0.0076570396703292,0.0445525578652513,0.5350008210387279,Increased in Stressed
chr1,134700000,mCG,c3,0.00768211036491,0.0445525578652513,0.5350008210387279,Increased in Stressed
chr1,134800000,mCG,c3,0.0076990866752795,0.0445525578652513,0.5350008210387279,Increased in Stressed
chr1,134900000,mCG,c3,0.0077080089096037,0.0445525578652513,0.5350008210387279,Increased in Stressed
chr1,135000000,mCG,c3,0.0077089308959217,0.0445525578652513,0.5350008210387279,Increased in Stressed
chr1,135100000,mCG,c3,0.007701931867504,0.0445525578652513,0.5350008210387279,Increased in Stressed
chr1,135200000,mCG,c3,0.0076871276714156,0.0445525578652513,0.5350008210387279,Increased in Stressed
chr1,135300000,mCG,c3,0.0076646726870122,0.0445525578652513,0.5350008210387279,Increased in Stressed
chr1,135400000,mCG,c3,0.0076347888740053,0.0445525578652513,0.5350008210387279,Increased in Stressed
chr1,135900000,mCG,c3,0.0073846533567314,0.0445525578652513,0.5350008210387279,Increased in Stressed
chr1,136000000,mCG,c3,0.0073168359153927,0.0445525578652513,0.5350008210387279,Increased in Stressed
chr1,136100000,mCG,c3,0.0072439831426567,0.0445525578652513,0.5350008210387279,Increased in Stressed
chr1,136200000,mCG,c3,0.0071664874185497,0.0368175340311563,0.5350008210387279,Increased in Stressed
chr12,32600000,mCG,c3,0.0118534861839472,0.0445525578652513,0.6595826957522272,Increased in Stressed
chr12,32700000,mCG,c3,0.0118159854803223,0.0302324438547348,0.6239603135806493,Increased in Stressed
chr12,32800000,mCG,c3,0.0117671068178362,0.0302324438547348,0.6239603135806493,Increased in Stressed
chr12,32900000,mCG,c3,0.0117066448052287,0.024610545972775,0.6239603135806493,Increased in Stressed
chr12,33000000,mCG,c3,0.011634689174033,0.0198928694284731,0.6239603135806493,Increased in Stressed
chr12,33100000,mCG,c3,0.0115514539063765,0.015922158337019,0.6239603135806493,Increased in Stressed
chr12,33200000,mCG,c3,0.0114571441854185,0.0126492702344095,0.6239603135806493,Increased in Stressed
chr12,33300000,mCG,c3,0.0113522323463126,0.0126492702344095,0.6239603135806493,Increased in Stressed
chr12,33400000,mCG,c3,0.0112373805311891,0.0059560666371811,0.6239603135806493,Increased in Stressed
chr12,33500000,mCG,c3,0.01111327421513,0.0059560666371811,0.6239603135806493,Increased in Stressed
chr12,33600000,mCG,c3,0.0109806704090618,0.0045407636738906,0.6239603135806493,Increased in Stressed
chr12,33700000,mCG,c3,0.0108402861085719,0.0059560666371811,0.6239603135806493,Increased in Stressed
chr12,33800000,mCG,c3,0.0106925097759562,0.0077448523268956,0.6239603135806493,Increased in Stressed
chr12,33900000,mCG,c3,0.0105378724241154,0.0126492702344095,0.6239603135806493,Increased in Stressed
chr12,34000000,mCG,c3,0.0103772454275039,0.0099366062214359,0.6239603135806493,Increased in Stressed
chr12,34100000,mCG,c3,0.0102114951972906,0.0099366062214359,0.6239603135806493,Increased in Stressed
chr12,34200000,mCG,c3,0.0100415531261273,0.015922158337019,0.6239603135806493,Increased in Stressed
chr12,34300000,mCG,c3,0.0098683519399529,0.015922158337019,0.6239603135806493,Increased in Stressed
chr12,34400000,mCG,c3,0.0096927577635157,0.0198928694284731,0.6239603135806493,Increased in Stressed
chr12,34500000,mCG,c3,0.0095159109706222,0.024610545972775,0.6239603135806493,Increased in Stressed
chr12,34600000,mCG,c3,0.0093390301488562,0.024610545972775,0.6239603135806493,Increased in Stressed
chr12,34700000,mCG,c3,0.0091633637655772,0.024610545972775,0.6239603135806493,Increased in Stressed
chr12,34800000,mCG,c3,0.0089900942217318,0.024610545972775,0.6239603135806493,Increased in Stressed
chr12,34900000,mCG,c3,0.0088202352921415,0.024610545972775,0.6239603135806493,Increased in Stressed
chr12,35000000,mCG,c3,0.0086553329593304,0.024610545972775,0.6239603135806493,Increased in Stressed
chr12,35100000,mCG,c3,0.0084973920556552,0.0198928694284731,0.6239603135806493,Increased in Stressed
chr12,35200000,mCG,c3,0.0083485336438176,0.0198928694284731,0.6239603135806493,Increased in Stressed
chr12,35300000,mCG,c3,0.0082105229901625,0.024610545972775,0.6239603135806493,Increased in Stressed
chr12,35400000,mCG,c3,0.0080847548946916,0.024610545972775,0.6239603135806493,Increased in Stressed
chr12,35500000,mCG,c3,0.0079718864522957,0.0368175340311563,0.6239603135806493,Increased in Stressed
chr12,35600000,mCG,c3,0.0078722781143409,0.0368175340311563,0.6239603135806493,Increased in Stressed
chr12,35700000,mCG,c3,0.0077860656598129,0.0445525578652513,0.6595826957522272,Increased in Stressed
chr12,36500000,mCG,c3,0.0075028014093434,0.0368175340311563,0.6239603135806493,Increased in Stressed
chr12,36600000,mCG,c3,0.0075050970098817,0.0302324438547348,0.6239603135806493,Increased in Stressed
chr12,36700000,mCG,c3,0.0075131344703811,0.0198928694284731,0.6239603135806493,Increased in Stressed
chr12,36800000,mCG,c3,0.0075262822848485,0.024610545972775,0.6239603135806493,Increased in Stressed
chr12,36900000,mCG,c3,0.0075436951071989,0.024610545972775,0.6239603135806493,Increased in Stressed
chr12,37000000,mCG,c3,0.0075645221759432,0.024610545972775,0.6239603135806493,Increased in Stressed
chr12,37100000,mCG,c3,0.0075879967969165,0.0198928694284731,0.6239603135806493,Increased in Stressed
chr12,37200000,mCG,c3,0.0076132737637066,0.024610545972775,0.6239603135806493,Increased in Stressed
chr12,37300000,mCG,c3,0.0076395616564808,0.0198928694284731,0.6239603135806493,Increased in Stressed
chr12,37400000,mCG,c3,0.0076661502655726,0.0198928694284731,0.6239603135806493,Increased in Stressed
chr12,37500000,mCG,c3,0.0076924023771813,0.0302324438547348,0.6239603135806493,Increased in Stressed
chr12,37600000,mCG,c3,0.0077177614183869,0.0302324438547348,0.6239603135806493,Increased in Stressed
chr12,37700000,mCG,c3,0.0077414986036019,0.0302324438547348,0.6239603135806493,Increased in Stressed
chr12,37800000,mCG,c3,0.0077625396436591,0.0302324438547348,0.6239603135806493,Increased in Stressed
chr12,37900000,mCG,c3,0.0077796142782946,0.0302324438547348,0.6239603135806493,Increased in Stressed
chr12,38000000,mCG,c3,0.0077915205785004,0.0302324438547348,0.6239603135806493,Increased in Stressed
chr12,38100000,mCG,c3,0.0077968954816034,0.0198928694284731,0.6239603135806493,Increased in Stressed
chr12,38200000,mCG,c3,0.0077942170858218,0.015922158337019,0.6239603135806493,Increased in Stressed
chr12,38300000,mCG,c3,0.0077821417743881,0.015922158337019,0.6239603135806493,Increased in Stressed
chr12,38400000,mCG,c3,0.007759516249866,0.0198928694284731,0.6239603135806493,Increased in Stressed
chr12,38500000,mCG,c3,0.007725226307186,0.0302324438547348,0.6239603135806493,Increased in Stressed
chr12,38600000,mCG,c3,0.0076786824715127,0.024610545972775,0.6239603135806493,Increased in Stressed
chr12,38700000,mCG,c3,0.0076197830985327,0.0198928694284731,0.6239603135806493,Increased in Stressed
chr12,38800000,mCG,c3,0.007548496976685,0.0198928694284731,0.6239603135806493,Increased in Stressed
chr12,38900000,mCG,c3,0.0074650022728366,0.0198928694284731,0.6239603135806493,Increased in Stressed
chr12,39000000,mCG,c3,0.0073696806670227,0.0198928694284731,0.6239603135806493,Increased in Stressed
chr12,39100000,mCG,c3,0.0072631507239599,0.024610545972775,0.6239603135806493,Increased in Stressed
chr12,39200000,mCG,c3,0.0071460633423101,0.0302324438547348,0.6239603135806493,Increased in Stressed
chr12,39300000,mCG,c3,0.0070185768135009,0.0368175340311563,0.6239603135806493,Increased in Stressed
chr12,39400000,mCG,c3,0.0068807165730662,0.0368175340311563,0.6239603135806493,Increased in Stressed
chr12,39500000,mCG,c3,0.0067328192031788,0.0368175340311563,0.6239603135806493,Increased in Stressed
chr12,39600000,mCG,c3,0.0065755970887,0.0368175340311563,0.6239603135806493,Increased in Stressed
chr12,112300000,mCG,c3,0.0089127517546803,0.0445525578652513,0.6595826957522272,Increased in Stressed
chr12,112400000,mCG,c3,0.0089625035364644,0.0445525578652513,0.6595826957522272,Increased in Stressed
chr12,112500000,mCG,c3,0.0090020466559828,0.0368175340311563,0.6239603135806493,Increased in Stressed
chr12,112600000,mCG,c3,0.0090316481706929,0.0445525578652513,0.6595826957522272,Increased in Stressed
chr12,112700000,mCG,c3,0.0090517612529765,0.0445525578652513,0.6595826957522272,Increased in Stressed
chr12,112800000,mCG,c3,0.0090629394031227,0.0368175340311563,0.6239603135806493,Increased in Stressed
chr12,112900000,mCG,c3,0.0090656735633856,0.0368175340311563,0.6239603135806493,Increased in Stressed
chr12,113000000,mCG,c3,0.0090604577019872,0.0368175340311563,0.6239603135806493,Increased in Stressed
chr12,113100000,mCG,c3,0.0090475943256203,0.0368175340311563,0.6239603135806493,Increased in Stressed
chr12,113200000,mCG,c3,0.009027255923601,0.0368175340311563,0.6239603135806493,Increased in Stressed
chr12,113300000,mCG,c3,0.0089996672523386,0.0368175340311563,0.6239603135806493,Increased in Stressed
chr12,113400000,mCG,c3,0.0089651544823858,0.0368175340311563,0.6239603135806493,Increased in Stressed
chr12,113500000,mCG,c3,0.008923944235283,0.0368175340311563,0.6239603135806493,Increased in Stressed
chr12,113600000,mCG,c3,0.0088765493340372,0.0368175340311563,0.6239603135806493,Increased in Stressed
chr12,113700000,mCG,c3,0.0088236944613975,0.0302324438547348,0.6239603135806493,Increased in Stressed
chr12,113800000,mCG,c3,0.0087657274325845,0.0302324438547348,0.6239603135806493,Increased in Stressed
chr12,113900000,mCG,c3,0.0087023819409781,0.0368175340311563,0.6239603135806493,Increased in Stressed
chr12,114000000,mCG,c3,0.0086333826165763,0.0368175340311563,0.6239603135806493,Increased in Stressed
chr12,114100000,mCG,c3,0.0085584501328896,0.0445525578652513,0.6595826957522272,Increased in Stressed
chr12,114200000,mCG,c3,0.0084776355073592,0.0445525578652513,0.6595826957522272,Increased in Stressed
chr12,114400000,mCG,c3,0.0082992643450952,0.0445525578652513,0.6595826957522272,Increased in Stressed
chr12,114500000,mCG,c3,0.0082024573800798,0.0445525578652513,0.6595826957522272,Increased in Stressed
chr12,114600000,mCG,c3,0.0081010490513071,0.0445525578652513,0.6595826957522272,Increased in Stressed
chr15,1300000,mCG,c3,0.011310683563068,0.0445525578652513,0.6808738179559636,Increased in Stressed
chr15,1400000,mCG,c3,0.0111922636028762,0.0445525578652513,0.6808738179559636,Increased in Stressed
chr15,1500000,mCG,c3,0.0110750387813741,0.0445525578652513,0.6808738179559636,Increased in Stressed
chr15,1600000,mCG,c3,0.0109590095574125,0.0445525578652513,0.6808738179559636,Increased in Stressed
chr15,1700000,mCG,c3,0.0108441827080361,0.0445525578652513,0.6808738179559636,Increased in Stressed
chr15,1900000,mCG,c3,0.0106181385800789,0.0302324438547348,0.6808738179559636,Increased in Stressed
chr15,2000000,mCG,c3,0.0105069385478905,0.0302324438547348,0.6808738179559636,Increased in Stressed
chr15,2100000,mCG,c3,0.010396980852379,0.0302324438547348,0.6808738179559636,Increased in Stressed
chr15,2200000,mCG,c3,0.0102882975782095,0.0302324438547348,0.6808738179559636,Increased in Stressed
chr15,2300000,mCG,c3,0.0101809331276309,0.0368175340311563,0.6808738179559636,Increased in Stressed
chr15,2400000,mCG,c3,0.0100749256772318,0.0368175340311563,0.6808738179559636,Increased in Stressed
chr15,2500000,mCG,c3,0.0099702992731052,0.0445525578652513,0.6808738179559636,Increased in Stressed
chr15,2600000,mCG,c3,0.0098670741535477,0.0445525578652513,0.6808738179559636,Increased in Stressed
chr15,2700000,mCG,c3,0.009765274248076,0.0445525578652513,0.6808738179559636,Increased in Stressed
chr15,52800000,mCG,c3,0.0145687657468014,0.0368175340311563,0.6808738179559636,Increased in Stressed
chr15,52900000,mCG,c3,0.014746974726882,0.0368175340311563,0.6808738179559636,Increased in Stressed
chr15,53000000,mCG,c3,0.0148968359457866,0.0368175340311563,0.6808738179559636,Increased in Stressed
chr15,53100000,mCG,c3,0.0150182777570986,0.0368175340311563,0.6808738179559636,Increased in Stressed
chr15,53200000,mCG,c3,0.0151117267017555,0.0368175340311563,0.6808738179559636,Increased in Stressed
chr15,53300000,mCG,c3,0.0151781426539183,0.0368175340311563,0.6808738179559636,Increased in Stressed
chr15,53400000,mCG,c3,0.0152188458576165,0.0368175340311563,0.6808738179559636,Increased in Stressed
chr15,53500000,mCG,c3,0.0152353784464436,0.0368175340311563,0.6808738179559636,Increased in Stressed
chr15,53600000,mCG,c3,0.0152288476045057,0.0368175340311563,0.6808738179559636,Increased in Stressed
chr15,53700000,mCG,c3,0.0152002560281216,0.0368175340311563,0.6808738179559636,Increased in Stressed
chr15,53800000,mCG,c3,0.0151505918501568,0.0368175340311563,0.6808738179559636,Increased in Stressed
chr15,53900000,mCG,c3,0.0150813210138691,0.0368175340311563,0.6808738179559636,Increased in Stressed
chr15,54000000,mCG,c3,0.014994017027283,0.0368175340311563,0.6808738179559636,Increased in Stressed
chr15,54100000,mCG,c3,0.0148898603697886,0.0368175340311563,0.6808738179559636,Increased in Stressed
chr15,54200000,mCG,c3,0.0147702324490104,0.0368175340311563,0.6808738179559636,Increased in Stressed
chr15,54300000,mCG,c3,0.0146364486179975,0.024610545972775,0.6808738179559636,Increased in Stressed
chr15,54400000,mCG,c3,0.0144896564586294,0.0198928694284731,0.6808738179559636,Increased in Stressed
chr15,54500000,mCG,c3,0.0143310851214359,0.024610545972775,0.6808738179559636,Increased in Stressed
chr15,54600000,mCG,c3,0.014162065397554,0.024610545972775,0.6808738179559636,Increased in Stressed
chr15,54700000,mCG,c3,0.0139842157349292,0.024610545972775,0.6808738179559636,Increased in Stressed
chr15,54800000,mCG,c3,0.0137995244367605,0.0302324438547348,0.6808738179559636,Increased in Stressed
chr15,54900000,mCG,c3,0.0136101937031407,0.024610545972775,0.6808738179559636,Increased in Stressed
chr15,55000000,mCG,c3,0.0134181200896541,0.0302324438547348,0.6808738179559636,Increased in Stressed
chr15,55100000,mCG,c3,0.0132245886376065,0.0302324438547348,0.6808738179559636,Increased in Stressed
chr15,55200000,mCG,c3,0.0130304291432055,0.024610545972775,0.6808738179559636,Increased in Stressed
chr15,55300000,mCG,c3,0.0128363895138901,0.0302324438547348,0.6808738179559636,Increased in Stressed
chr15,55400000,mCG,c3,0.012643387802999,0.0302324438547348,0.6808738179559636,Increased in Stressed
chr15,55500000,mCG,c3,0.0124519626371992,0.024610545972775,0.6808738179559636,Increased in Stressed
chr15,55600000,mCG,c3,0.0122619094107303,0.0302324438547348,0.6808738179559636,Increased in Stressed
chr15,55700000,mCG,c3,0.0120727638583806,0.0302324438547348,0.6808738179559636,Increased in Stressed
chr15,55800000,mCG,c3,0.011883668412896,0.0302324438547348,0.6808738179559636,Increased in Stressed
chr15,55900000,mCG,c3,0.0116933464569612,0.0302324438547348,0.6808738179559636,Increased in Stressed
chr15,56000000,mCG,c3,0.0115005152671154,0.0368175340311563,0.6808738179559636,Increased in Stressed
chr15,56100000,mCG,c3,0.011303941809549,0.0302324438547348,0.6808738179559636,Increased in Stressed
chr15,56200000,mCG,c3,0.0111028147910967,0.0302324438547348,0.6808738179559636,Increased in Stressed
chr15,56300000,mCG,c3,0.0108959260415766,0.0445525578652513,0.6808738179559636,Increased in Stressed
chr15,56400000,mCG,c3,0.0106818632755654,0.0368175340311563,0.6808738179559636,Increased in Stressed
chr16,27200000,mCG,c3,0.0122762573445907,0.0445525578652513,0.929372643450225,Increased in Stressed
chr16,27300000,mCG,c3,0.0118379897592764,0.0445525578652513,0.929372643450225,Increased in Stressed
chr16,27400000,mCG,c3,0.011383268080868,0.0445525578652513,0.929372643450225,Increased in Stressed
chr16,27500000,mCG,c3,0.0109196754930958,0.0302324438547348,0.929372643450225,Increased in Stressed
chr16,27600000,mCG,c3,0.0104522912428319,0.0302324438547348,0.929372643450225,Increased in Stressed
chr16,27700000,mCG,c3,0.0099829315575845,0.0368175340311563,0.929372643450225,Increased in Stressed
chr16,66100000,mCG,c3,0.0102732847882196,0.0445525578652513,0.929372643450225,Increased in Stressed
chr16,66200000,mCG,c3,0.0102109933713403,0.0368175340311563,0.929372643450225,Increased in Stressed
chr16,66300000,mCG,c3,0.0101370585191165,0.0368175340311563,0.929372643450225,Increased in Stressed
chr16,66400000,mCG,c3,0.0100525585628652,0.0445525578652513,0.929372643450225,Increased in Stressed
chr17,35600000,mCG,c3,-0.0214779791594226,0.0445525578652513,0.6175566571657903,Decreased in Stressed
chr17,35700000,mCG,c3,-0.0211613624523907,0.0445525578652513,0.6175566571657903,Decreased in Stressed
chr17,35800000,mCG,c3,-0.02084403049954,0.0302324438547348,0.6175566571657903,Decreased in Stressed
chr17,35900000,mCG,c3,-0.0205275850354906,0.0368175340311563,0.6175566571657903,Decreased in Stressed
chr17,36000000,mCG,c3,-0.0202145769397248,0.0368175340311563,0.6175566571657903,Decreased in Stressed
chr17,36100000,mCG,c3,-0.0199083611910892,0.0302324438547348,0.6175566571657903,Decreased in Stressed
chr17,36200000,mCG,c3,-0.019611676141108,0.0302324438547348,0.6175566571657903,Decreased in Stressed
chr17,36300000,mCG,c3,-0.0193272754944999,0.0302324438547348,0.6175566571657903,Decreased in Stressed
chr17,36400000,mCG,c3,-0.0190585548260799,0.0302324438547348,0.6175566571657903,Decreased in Stressed
chr17,36500000,mCG,c3,-0.0188080321482666,0.0302324438547348,0.6175566571657903,Decreased in Stressed
chr17,36600000,mCG,c3,-0.0187576093542021,0.0302324438547348,0.6175566571657903,Decreased in Stressed
chr17,36700000,mCG,c3,-0.018725801989492,0.0302324438547348,0.6175566571657903,Decreased in Stressed
chr17,36800000,mCG,c3,-0.0186976564989489,0.0302324438547348,0.6175566571657903,Decreased in Stressed
chr17,36900000,mCG,c3,-0.0186638616217726,0.0302324438547348,0.6175566571657903,Decreased in Stressed
chr17,37000000,mCG,c3,-0.018619674760764,0.0302324438547348,0.6175566571657903,Decreased in Stressed
chr17,37100000,mCG,c3,-0.0185633122603015,0.0302324438547348,0.6175566571657903,Decreased in Stressed
chr17,37200000,mCG,c3,-0.0184946396921632,0.0302324438547348,0.6175566571657903,Decreased in Stressed
chr17,37300000,mCG,c3,-0.0184145060859455,0.0302324438547348,0.6175566571657903,Decreased in Stressed
chr17,37400000,mCG,c3,-0.0182400367513557,0.0302324438547348,0.6175566571657903,Decreased in Stressed
chr17,37500000,mCG,c3,-0.0181514090028878,0.024610545972775,0.6175566571657903,Decreased in Stressed
chr17,37600000,mCG,c3,-0.0179809291174801,0.0302324438547348,0.6175566571657903,Decreased in Stressed
chr17,37700000,mCG,c3,-0.0178142998033856,0.0302324438547348,0.6175566571657903,Decreased in Stressed
chr17,37800000,mCG,c3,-0.0176534445426366,0.0368175340311563,0.6175566571657903,Decreased in Stressed
chr17,45100000,mCG,c3,-0.0240293201401073,0.0445525578652513,0.6175566571657903,Decreased in Stressed
chr17,59800000,mCG,c3,-0.0154073667233218,0.0445525578652513,0.6175566571657903,Decreased in Stressed
chr17,59900000,mCG,c3,-0.0160715781547244,0.0445525578652513,0.6175566571657903,Decreased in Stressed
chr17,60000000,mCG,c3,-0.0167278380588619,0.0368175340311563,0.6175566571657903,Decreased in Stressed
chr17,60100000,mCG,c3,-0.0173733328516975,0.0368175340311563,0.6175566571657903,Decreased in Stressed
chr17,60200000,mCG,c3,-0.0180064251128606,0.0368175340311563,0.6175566571657903,Decreased in Stressed
chr17,60300000,mCG,c3,-0.0186254337963339,0.0368175340311563,0.6175566571657903,Decreased in Stressed
chr17,60400000,mCG,c3,-0.0192281273156103,0.0368175340311563,0.6175566571657903,Decreased in Stressed
chr17,60500000,mCG,c3,-0.0198116961283472,0.0368175340311563,0.6175566571657903,Decreased in Stressed
chr17,60600000,mCG,c3,-0.020373877270723,0.0368175340311563,0.6175566571657903,Decreased in Stressed
chr17,60700000,mCG,c3,-0.0209135054965745,0.024610545972775,0.6175566571657903,Decreased in Stressed
chr17,60800000,mCG,c3,-0.0214288532442622,0.0198928694284731,0.6175566571657903,Decreased in Stressed
chr17,60900000,mCG,c3,-0.021917760308994,0.0198928694284731,0.6175566571657903,Decreased in Stressed
chr17,61000000,mCG,c3,-0.0223786577612045,0.024610545972775,0.6175566571657903,Decreased in Stressed
chr17,61100000,mCG,c3,-0.0228102160568838,0.024610545972775,0.6175566571657903,Decreased in Stressed
chr17,61200000,mCG,c3,-0.0232116265155508,0.0302324438547348,0.6175566571657903,Decreased in Stressed
chr17,61300000,mCG,c3,-0.0235819132057816,0.0368175340311563,0.6175566571657903,Decreased in Stressed
chr17,61400000,mCG,c3,-0.0239208354774607,0.0368175340311563,0.6175566571657903,Decreased in Stressed
chr17,61500000,mCG,c3,-0.0242276002659993,0.0445525578652513,0.6175566571657903,Decreased in Stressed
chr17,61600000,mCG,c3,-0.0244999780030666,0.0445525578652513,0.6175566571657903,Decreased in Stressed
chr17,61700000,mCG,c3,-0.0247349008917436,0.0368175340311563,0.6175566571657903,Decreased in Stressed
chr17,61800000,mCG,c3,-0.0249298004061157,0.0368175340311563,0.6175566571657903,Decreased in Stressed
chr17,61900000,mCG,c3,-0.0250828367138676,0.0368175340311563,0.6175566571657903,Decreased in Stressed
chr17,62000000,mCG,c3,-0.0251926207215661,0.024610545972775,0.6175566571657903,Decreased in Stressed
chr17,62100000,mCG,c3,-0.025258875545308,0.0302324438547348,0.6175566571657903,Decreased in Stressed
chr17,62200000,mCG,c3,-0.0252818406153716,0.0368175340311563,0.6175566571657903,Decreased in Stressed
chr17,62300000,mCG,c3,-0.0252618660969287,0.0368175340311563,0.6175566571657903,Decreased in Stressed
chr17,62400000,mCG,c3,-0.0251986928846398,0.0445525578652513,0.6175566571657903,Decreased in Stressed
chr18,52100000,mCG,c3,-0.0102618454778884,0.0445525578652513,0.9489780790003176,Decreased in Stressed
chr18,67800000,mCG,c3,0.0139416027629593,0.0368175340311563,0.9489780790003176,Increased in Stressed
chr18,67900000,mCG,c3,0.0141200078255221,0.024610545972775,0.9489780790003176,Increased in Stressed
chr18,68000000,mCG,c3,0.014303172462732,0.024610545972775,0.9489780790003176,Increased in Stressed
chr18,68100000,mCG,c3,0.0144844728393207,0.0368175340311563,0.9489780790003176,Increased in Stressed
chr18,68400000,mCG,c3,0.0149461891225139,0.0445525578652513,0.9489780790003176,Increased in Stressed
chr18,68500000,mCG,c3,0.0150561415545087,0.0445525578652513,0.9489780790003176,Increased in Stressed
chr18,68600000,mCG,c3,0.0151380312285256,0.0445525578652513,0.9489780790003176,Increased in Stressed
chr18,68700000,mCG,c3,0.0151885723744531,0.0445525578652513,0.9489780790003176,Increased in Stressed
chr18,68800000,mCG,c3,0.0152037650588277,0.0445525578652513,0.9489780790003176,Increased in Stressed
chr18,69100000,mCG,c3,0.0150123096803553,0.0445525578652513,0.9489780790003176,Increased in Stressed
chr18,69200000,mCG,c3,0.0148642866789154,0.0445525578652513,0.9489780790003176,Increased in Stressed
chr19,21200000,mCG,c3,-0.0188016993343951,0.0445525578652513,0.5394733637161959,Decreased in Stressed
chr19,21300000,mCG,c3,-0.0200281683356209,0.0368175340311563,0.5001796696427823,Decreased in Stressed
chr19,21400000,mCG,c3,-0.0215599435283033,0.0059560666371811,0.2764607597424934,Decreased in Stressed
chr19,21500000,mCG,c3,-0.0225439506701927,0.0034104870018182,0.2110712511125307,Decreased in Stressed
chr19,21600000,mCG,c3,-0.0234357683076661,0.0034104870018182,0.2110712511125307,Decreased in Stressed
chr19,21700000,mCG,c3,-0.0242712173578647,0.0018477566465182,0.2110712511125307,Decreased in Stressed
chr19,21800000,mCG,c3,-0.0250721090645206,0.0018477566465182,0.2110712511125307,Decreased in Stressed
chr19,21900000,mCG,c3,-0.0258488691467624,0.0018477566465182,0.2110712511125307,Decreased in Stressed
chr19,22000000,mCG,c3,-0.0266048106915824,0.0018477566465182,0.2110712511125307,Decreased in Stressed
chr19,22100000,mCG,c3,-0.027620138478414,0.0025357511425622,0.2110712511125307,Decreased in Stressed
chr19,22200000,mCG,c3,-0.0285349849819646,0.0034104870018182,0.2110712511125307,Decreased in Stressed
chr19,22300000,mCG,c3,-0.0293293463859753,0.0045407636738906,0.2299277605779154,Decreased in Stressed
chr19,22400000,mCG,c3,-0.0299869634338658,0.0034104870018182,0.2110712511125307,Decreased in Stressed
chr19,22500000,mCG,c3,-0.0304989119525178,0.0045407636738906,0.2299277605779154,Decreased in Stressed
chr19,22600000,mCG,c3,-0.0308655798365774,0.0099366062214359,0.3689793110226547,Decreased in Stressed
chr19,22700000,mCG,c3,-0.0310985126877627,0.0099366062214359,0.3689793110226547,Decreased in Stressed
chr19,22800000,mCG,c3,-0.0312198670175104,0.0099366062214359,0.3689793110226547,Decreased in Stressed
chr19,22900000,mCG,c3,-0.0312586792003397,0.0126492702344095,0.3695267580716497,Decreased in Stressed
chr19,23000000,mCG,c3,-0.0312484813722968,0.015922158337019,0.3695267580716497,Decreased in Stressed
chr19,23100000,mCG,c3,-0.0312238728599054,0.015922158337019,0.3695267580716497,Decreased in Stressed
chr19,23200000,mCG,c3,-0.0311942315890301,0.0198928694284731,0.4103825285799831,Decreased in Stressed
chr19,23300000,mCG,c3,-0.0311531517568496,0.015922158337019,0.3695267580716497,Decreased in Stressed
chr19,23400000,mCG,c3,-0.0310877387275039,0.015922158337019,0.3695267580716497,Decreased in Stressed
chr19,23500000,mCG,c3,-0.03098623867489,0.015922158337019,0.3695267580716497,Decreased in Stressed
chr19,23600000,mCG,c3,-0.0308376005352735,0.0126492702344095,0.3695267580716497,Decreased in Stressed
chr19,23700000,mCG,c3,-0.0306443608609693,0.015922158337019,0.3695267580716497,Decreased in Stressed
chr19,23800000,mCG,c3,-0.0304148563973379,0.0198928694284731,0.4103825285799831,Decreased in Stressed
chr19,23900000,mCG,c3,-0.0301587881057548,0.0198928694284731,0.4103825285799831,Decreased in Stressed
chr19,24100000,mCG,c3,-0.0295984245039521,0.015922158337019,0.3695267580716497,Decreased in Stressed
chr19,26900000,mCG,c3,-0.0256065692855735,0.0445525578652513,0.5394733637161959,Decreased in Stressed
chr19,27000000,mCG,c3,-0.0255383820443044,0.0445525578652513,0.5394733637161959,Decreased in Stressed
chr19,27100000,mCG,c3,-0.0253104220250258,0.0302324438547348,0.5001796696427823,Decreased in Stressed
chr19,27200000,mCG,c3,-0.0249235565573291,0.0302324438547348,0.5001796696427823,Decreased in Stressed
chr19,27300000,mCG,c3,-0.0243852749387208,0.0368175340311563,0.5001796696427823,Decreased in Stressed
chr19,27400000,mCG,c3,-0.0240434624592719,0.0368175340311563,0.5001796696427823,Decreased in Stressed
chr19,27500000,mCG,c3,-0.02327250360045,0.0368175340311563,0.5001796696427823,Decreased in Stressed
chr19,27600000,mCG,c3,-0.0227983134401771,0.0368175340311563,0.5001796696427823,Decreased in Stressed
chr19,27700000,mCG,c3,-0.0222823465349913,0.0368175340311563,0.5001796696427823,Decreased in Stressed
chr19,27800000,mCG,c3,-0.0217178132805213,0.0302324438547348,0.5001796696427823,Decreased in Stressed
chr19,27900000,mCG,c3,-0.0210946106274142,0.0368175340311563,0.5001796696427823,Decreased in Stressed
chr19,28000000,mCG,c3,-0.0203981396085166,0.0302324438547348,0.5001796696427823,Decreased in Stressed
chr19,28100000,mCG,c3,-0.0196151363334351,0.0302324438547348,0.5001796696427823,Decreased in Stressed
chr19,28200000,mCG,c3,-0.0182038037735005,0.0368175340311563,0.5001796696427823,Decreased in Stressed
chr19,28300000,mCG,c3,-0.0167890019032305,0.0368175340311563,0.5001796696427823,Decreased in Stressed
chr19,28400000,mCG,c3,-0.0154082117077215,0.0445525578652513,0.5394733637161959,Decreased in Stressed
chr19,28500000,mCG,c3,-0.0140908098106817,0.0445525578652513,0.5394733637161959,Decreased in Stressed
chr2,137300000,mCG,c3,0.0061892424545055,0.0445525578652513,0.9963773069036228,Increased in Stressed
chr2,137400000,mCG,c3,0.0062187182084081,0.0445525578652513,0.9963773069036228,Increased in Stressed
chr2,137500000,mCG,c3,0.0062449561694306,0.0368175340311563,0.9963773069036228,Increased in Stressed
chr2,137600000,mCG,c3,0.0062678220403096,0.0368175340311563,0.9963773069036228,Increased in Stressed
chr2,137700000,mCG,c3,0.0062871221201918,0.0368175340311563,0.9963773069036228,Increased in Stressed
chr2,137800000,mCG,c3,0.0063026485524075,0.0368175340311563,0.9963773069036228,Increased in Stressed
chr2,137900000,mCG,c3,0.0063141499023993,0.0368175340311563,0.9963773069036228,Increased in Stressed
chr2,138000000,mCG,c3,0.006321375109427,0.0302324438547348,0.9963773069036228,Increased in Stressed
chr2,138100000,mCG,c3,0.0063240552742895,0.0302324438547348,0.9963773069036228,Increased in Stressed
chr2,138200000,mCG,c3,0.006321935257761,0.024610545972775,0.9963773069036228,Increased in Stressed
chr2,138300000,mCG,c3,0.0063148790407039,0.0198928694284731,0.9963773069036228,Increased in Stressed
chr2,138400000,mCG,c3,0.0063027816019358,0.015922158337019,0.9963773069036228,Increased in Stressed
chr2,138500000,mCG,c3,0.006285519826737,0.0198928694284731,0.9963773069036228,Increased in Stressed
chr2,138600000,mCG,c3,0.0062630386857591,0.0198928694284731,0.9963773069036228,Increased in Stressed
chr2,138700000,mCG,c3,0.0062353970941215,0.0302324438547348,0.9963773069036228,Increased in Stressed
chr2,138800000,mCG,c3,0.0062027132262851,0.0368175340311563,0.9963773069036228,Increased in Stressed
chr2,138900000,mCG,c3,0.0061651696105893,0.0368175340311563,0.9963773069036228,Increased in Stressed
chr2,139000000,mCG,c3,0.0061230052670504,0.0302324438547348,0.9963773069036228,Increased in Stressed
chr2,139100000,mCG,c3,0.0060765148928643,0.0302324438547348,0.9963773069036228,Increased in Stressed
chr2,139200000,mCG,c3,0.0060259946867671,0.0302324438547348,0.9963773069036228,Increased in Stressed
chr2,139300000,mCG,c3,0.0059717573067739,0.0368175340311563,0.9963773069036228,Increased in Stressed
chr20,35700000,mCG,c3,-0.0149944367067671,0.0445525578652513,0.7723243546455811,Decreased in Stressed
chr20,35800000,mCG,c3,-0.0154294548119616,0.0445525578652513,0.7723243546455811,Decreased in Stressed
chr20,35900000,mCG,c3,-0.0158665520940863,0.0368175340311563,0.7723243546455811,Decreased in Stressed
chr20,36000000,mCG,c3,-0.0163045665901672,0.0368175340311563,0.7723243546455811,Decreased in Stressed
chr20,36100000,mCG,c3,-0.0167421902356526,0.0302324438547348,0.7723243546455811,Decreased in Stressed
chr20,36200000,mCG,c3,-0.017179069724409,0.0302324438547348,0.7723243546455811,Decreased in Stressed
chr20,36300000,mCG,c3,-0.0176134213421161,0.0302324438547348,0.7723243546455811,Decreased in Stressed
chr20,36400000,mCG,c3,-0.0180418929083687,0.0302324438547348,0.7723243546455811,Decreased in Stressed
chr20,36500000,mCG,c3,-0.0184610898738279,0.0368175340311563,0.7723243546455811,Decreased in Stressed
chr20,36600000,mCG,c3,-0.0188694577377211,0.0445525578652513,0.7723243546455811,Decreased in Stressed
chr20,36700000,mCG,c3,-0.0192654401489229,0.0445525578652513,0.7723243546455811,Decreased in Stressed
chr20,71700000,mCG,c3,0.0106941856059943,0.0445525578652513,0.7723243546455811,Increased in Stressed
chr20,71800000,mCG,c3,0.0112186791862836,0.0445525578652513,0.7723243546455811,Increased in Stressed
chr20,71900000,mCG,c3,0.011716597530881,0.0445525578652513,0.7723243546455811,Increased in Stressed
chr20,72000000,mCG,c3,0.0121795196790253,0.0368175340311563,0.7723243546455811,Increased in Stressed
chr20,72100000,mCG,c3,0.0126007070543974,0.0368175340311563,0.7723243546455811,Increased in Stressed
chr20,72200000,mCG,c3,0.012975875688197,0.0368175340311563,0.7723243546455811,Increased in Stressed
chr20,72300000,mCG,c3,0.0133009981823599,0.024610545972775,0.7723243546455811,Increased in Stressed
chr20,72400000,mCG,c3,0.0135731280452688,0.024610545972775,0.7723243546455811,Increased in Stressed
chr20,72500000,mCG,c3,0.0137916099236798,0.024610545972775,0.7723243546455811,Increased in Stressed
chr20,72600000,mCG,c3,0.0139562311957077,0.024610545972775,0.7723243546455811,Increased in Stressed
chr20,72700000,mCG,c3,0.0140668051866283,0.0302324438547348,0.7723243546455811,Increased in Stressed
chr20,72800000,mCG,c3,0.0141241928036872,0.0368175340311563,0.7723243546455811,Increased in Stressed
chr20,72900000,mCG,c3,0.0141329517144439,0.0368175340311563,0.7723243546455811,Increased in Stressed
chr20,73200000,mCG,c3,0.0139513527626293,0.0445525578652513,0.7723243546455811,Increased in Stressed
chr20,73300000,mCG,c3,0.0138504494601543,0.0445525578652513,0.7723243546455811,Increased in Stressed
chr3,152600000,mCG,c3,0.0070044647997089,0.0445525578652513,1.0,Increased in Stressed
chr3,152800000,mCG,c3,0.0072126332186548,0.0445525578652513,1.0,Increased in Stressed
chr3,152900000,mCG,c3,0.0073110991548841,0.0445525578652513,1.0,Increased in Stressed
chr3,153000000,mCG,c3,0.0074054711358533,0.0368175340311563,1.0,Increased in Stressed
chr3,153100000,mCG,c3,0.0074955101382181,0.0445525578652513,1.0,Increased in Stressed
chr3,153600000,mCG,c3,0.0078714312102461,0.0445525578652513,1.0,Increased in Stressed
chr3,155400000,mCG,c3,0.0081529528078776,0.0445525578652513,1.0,Increased in Stressed
chr3,155500000,mCG,c3,0.0081357591120174,0.0445525578652513,1.0,Increased in Stressed
chr4,42500000,mCG,c3,0.0059508996311046,0.0445525578652513,1.0,Increased in Stressed
chr4,42600000,mCG,c3,0.0059660689004763,0.0445525578652513,1.0,Increased in Stressed
chr4,42700000,mCG,c3,0.0059767116013011,0.0445525578652513,1.0,Increased in Stressed
chr4,42800000,mCG,c3,0.0059825845707697,0.0445525578652513,1.0,Increased in Stressed
chr4,42900000,mCG,c3,0.0059835400182304,0.0445525578652513,1.0,Increased in Stressed
chr4,43000000,mCG,c3,0.0059795248641629,0.0445525578652513,1.0,Increased in Stressed
chr4,43100000,mCG,c3,0.0059706170012201,0.0445525578652513,1.0,Increased in Stressed
chr4,43200000,mCG,c3,0.0059569047073579,0.0445525578652513,1.0,Increased in Stressed
chr4,43300000,mCG,c3,0.0059385117077666,0.0445525578652513,1.0,Increased in Stressed
chr4,43400000,mCG,c3,0.0059156521452468,0.0445525578652513,1.0,Increased in Stressed
chr4,43500000,mCG,c3,0.005888620715043,0.0368175340311563,1.0,Increased in Stressed
chr4,43600000,mCG,c3,0.005857849230366,0.0368175340311563,1.0,Increased in Stressed
chr4,43700000,mCG,c3,0.005823718858728,0.0368175340311563,1.0,Increased in Stressed
chr4,43800000,mCG,c3,0.0057865845579361,0.0368175340311563,1.0,Increased in Stressed
chr4,43900000,mCG,c3,0.0057468771212341,0.0368175340311563,1.0,Increased in Stressed
chr4,44000000,mCG,c3,0.0057049927614805,0.0368175340311563,1.0,Increased in Stressed
chr4,44100000,mCG,c3,0.0056612348613507,0.0445525578652513,1.0,Increased in Stressed
chr5,41600000,mCG,c3,0.0116139688712419,0.0445525578652513,0.6573454829388782,Increased in Stressed
chr5,41700000,mCG,c3,0.0115832450551573,0.0445525578652513,0.6573454829388782,Increased in Stressed
chr5,41800000,mCG,c3,0.0115491039328456,0.0368175340311563,0.6573454829388782,Increased in Stressed
chr5,41900000,mCG,c3,0.0115117019274344,0.0368175340311563,0.6573454829388782,Increased in Stressed
chr5,42000000,mCG,c3,0.0114711664218021,0.0368175340311563,0.6573454829388782,Increased in Stressed
chr5,42100000,mCG,c3,0.0114275542515343,0.0368175340311563,0.6573454829388782,Increased in Stressed
chr5,42200000,mCG,c3,0.0113809173057659,0.0302324438547348,0.6573454829388782,Increased in Stressed
chr5,42300000,mCG,c3,0.0113313851904786,0.0302324438547348,0.6573454829388782,Increased in Stressed
chr5,42400000,mCG,c3,0.0112791000107728,0.0302324438547348,0.6573454829388782,Increased in Stressed
chr5,42500000,mCG,c3,0.0112242880333455,0.0302324438547348,0.6573454829388782,Increased in Stressed
chr5,42600000,mCG,c3,0.0111671987550883,0.024610545972775,0.6573454829388782,Increased in Stressed
chr5,42700000,mCG,c3,0.0111081273357394,0.024610545972775,0.6573454829388782,Increased in Stressed
chr5,42800000,mCG,c3,0.0110474799657773,0.024610545972775,0.6573454829388782,Increased in Stressed
chr5,42900000,mCG,c3,0.0109856988997614,0.024610545972775,0.6573454829388782,Increased in Stressed
chr5,43000000,mCG,c3,0.0109231875442628,0.0198928694284731,0.6365718217111407,Increased in Stressed
chr5,43100000,mCG,c3,0.0108603236227238,0.0198928694284731,0.6365718217111407,Increased in Stressed
chr5,43200000,mCG,c3,0.0107975175941028,0.0198928694284731,0.6365718217111407,Increased in Stressed
chr5,43300000,mCG,c3,0.0107351888997055,0.0198928694284731,0.6365718217111407,Increased in Stressed
chr5,43400000,mCG,c3,0.0106737456730683,0.0198928694284731,0.6365718217111407,Increased in Stressed
chr5,43500000,mCG,c3,0.0106135353023901,0.0198928694284731,0.6365718217111407,Increased in Stressed
chr5,43600000,mCG,c3,0.010554792201777,0.0198928694284731,0.6365718217111407,Increased in Stressed
chr5,43700000,mCG,c3,0.0104976920769559,0.015922158337019,0.6365718217111407,Increased in Stressed
chr5,43800000,mCG,c3,0.0104423995406006,0.0099366062214359,0.485324767025924,Increased in Stressed
chr5,43900000,mCG,c3,0.0103890730186437,0.0059560666371811,0.3251311670178908,Increased in Stressed
chr5,44000000,mCG,c3,0.0103378471358572,0.0059560666371811,0.3251311670178908,Increased in Stressed
chr5,44100000,mCG,c3,0.010288777156127,0.0059560666371811,0.3251311670178908,Increased in Stressed
chr5,44200000,mCG,c3,0.0102418632761731,0.0045407636738906,0.2718599154432571,Increased in Stressed
chr5,44300000,mCG,c3,0.0101970646152333,0.0045407636738906,0.2718599154432571,Increased in Stressed
chr5,44400000,mCG,c3,0.0101543092782738,0.0034104870018182,0.2260665669776682,Increased in Stressed
chr5,44500000,mCG,c3,0.010113517731036,0.0025357511425622,0.1882541648238243,Increased in Stressed
chr5,44600000,mCG,c3,0.0100746543297685,0.0018477566465182,0.1714718167968942,Increased in Stressed
chr5,44700000,mCG,c3,0.0100377322628903,0.0018477566465182,0.1714718167968942,Increased in Stressed
chr5,44800000,mCG,c3,0.0100026981393375,0.0018477566465182,0.1714718167968942,Increased in Stressed
chr5,44900000,mCG,c3,0.0099694027822851,0.0018477566465182,0.1714718167968942,Increased in Stressed
chr5,45000000,mCG,c3,0.0099376770647621,0.0018477566465182,0.1714718167968942,Increased in Stressed
chr5,45100000,mCG,c3,0.0099073646797223,0.0018477566465182,0.1714718167968942,Increased in Stressed
chr5,45200000,mCG,c3,0.0098782519322455,0.0013366750208855,0.1714718167968942,Increased in Stressed
chr5,45300000,mCG,c3,0.0098500242716181,0.0013366750208855,0.1714718167968942,Increased in Stressed
chr5,45400000,mCG,c3,0.0098223685986889,0.0013366750208855,0.1714718167968942,Increased in Stressed
chr5,45500000,mCG,c3,0.0097949502982834,0.0013366750208855,0.1714718167968942,Increased in Stressed
chr5,45600000,mCG,c3,0.0097674372563341,0.0009435353088603,0.1714718167968942,Increased in Stressed
chr5,45700000,mCG,c3,0.0097395715224679,0.0009435353088603,0.1714718167968942,Increased in Stressed
chr5,45800000,mCG,c3,0.0097111300653824,0.0009435353088603,0.1714718167968942,Increased in Stressed
chr5,45900000,mCG,c3,0.0096818849903348,0.0009435353088603,0.1714718167968942,Increased in Stressed
chr5,46000000,mCG,c3,0.0096516228017746,0.0013366750208855,0.1714718167968942,Increased in Stressed
chr5,46100000,mCG,c3,0.009620125433339,0.0013366750208855,0.1714718167968942,Increased in Stressed
chr5,46200000,mCG,c3,0.0095871629242088,0.0013366750208855,0.1714718167968942,Increased in Stressed
chr5,46300000,mCG,c3,0.0095525033114531,0.0013366750208855,0.1714718167968942,Increased in Stressed
chr5,46400000,mCG,c3,0.0095159256335697,0.0013366750208855,0.1714718167968942,Increased in Stressed
chr5,46500000,mCG,c3,0.0094772433770817,0.0025357511425622,0.1882541648238243,Increased in Stressed
chr5,46600000,mCG,c3,0.0094362877447309,0.0025357511425622,0.1882541648238243,Increased in Stressed
chr5,46700000,mCG,c3,0.0093928579916888,0.0025357511425622,0.1882541648238243,Increased in Stressed
chr5,46800000,mCG,c3,0.0093467277186658,0.0018477566465182,0.1714718167968942,Increased in Stressed
chr5,46900000,mCG,c3,0.0092977695336178,0.0034104870018182,0.2260665669776682,Increased in Stressed
chr5,47000000,mCG,c3,0.0092459619646052,0.0025357511425622,0.1882541648238243,Increased in Stressed
chr5,47100000,mCG,c3,0.0091912475552267,0.0034104870018182,0.2260665669776682,Increased in Stressed
chr5,47200000,mCG,c3,0.0091335375042447,0.0045407636738906,0.2718599154432571,Increased in Stressed
chr5,47300000,mCG,c3,0.0090727522667488,0.0077448523268956,0.4106984548205247,Increased in Stressed
chr5,47400000,mCG,c3,0.0090088097490581,0.0099366062214359,0.485324767025924,Increased in Stressed
chr5,47500000,mCG,c3,0.0089416133027924,0.0099366062214359,0.485324767025924,Increased in Stressed
chr5,47600000,mCG,c3,0.0088711953347224,0.0126492702344095,0.5869261388766033,Increased in Stressed
chr5,47700000,mCG,c3,0.0087977687749183,0.0126492702344095,0.5869261388766033,Increased in Stressed
chr5,47800000,mCG,c3,0.008721528959859,0.015922158337019,0.6365718217111407,Increased in Stressed
chr5,47900000,mCG,c3,0.0086426227018412,0.0198928694284731,0.6365718217111407,Increased in Stressed
chr5,48000000,mCG,c3,0.008561195383105,0.0198928694284731,0.6365718217111407,Increased in Stressed
chr5,48100000,mCG,c3,0.0084774227468273,0.0198928694284731,0.6365718217111407,Increased in Stressed
chr5,48200000,mCG,c3,0.0083914811125969,0.0198928694284731,0.6365718217111407,Increased in Stressed
chr5,48300000,mCG,c3,0.0083035713834866,0.0198928694284731,0.6365718217111407,Increased in Stressed
chr5,48400000,mCG,c3,0.0082138938145668,0.0198928694284731,0.6365718217111407,Increased in Stressed
chr5,48500000,mCG,c3,0.008122752117708,0.0198928694284731,0.6365718217111407,Increased in Stressed
chr5,48600000,mCG,c3,0.0080305860928227,0.0198928694284731,0.6365718217111407,Increased in Stressed
chr5,48700000,mCG,c3,0.0079379484190984,0.0198928694284731,0.6365718217111407,Increased in Stressed
chr5,48800000,mCG,c3,0.0078454198869459,0.0302324438547348,0.6573454829388782,Increased in Stressed
chr5,48900000,mCG,c3,0.0077535162109199,0.0302324438547348,0.6573454829388782,Increased in Stressed
chr5,49000000,mCG,c3,0.0076627198604737,0.0302324438547348,0.6573454829388782,Increased in Stressed
chr5,49100000,mCG,c3,0.007573464209998,0.0368175340311563,0.6573454829388782,Increased in Stressed
chr5,49200000,mCG,c3,0.007486100695494,0.0445525578652513,0.6573454829388782,Increased in Stressed
chr6,163300000,mCG,c3,-0.0154731226147626,0.0445525578652513,0.9520865401557088,Decreased in Stressed
chr6,163400000,mCG,c3,-0.0154713391561067,0.0445525578652513,0.9520865401557088,Decreased in Stressed
chr6,163500000,mCG,c3,-0.0154611731270555,0.0445525578652513,0.9520865401557088,Decreased in Stressed
chr6,163600000,mCG,c3,-0.0154426206091502,0.0368175340311563,0.9520865401557088,Decreased in Stressed
chr6,163700000,mCG,c3,-0.0154156872865536,0.0368175340311563,0.9520865401557088,Decreased in Stressed
chr6,163800000,mCG,c3,-0.0153805018621198,0.0302324438547348,0.9520865401557088,Decreased in Stressed
chr6,163900000,mCG,c3,-0.0153372049892532,0.0302324438547348,0.9520865401557088,Decreased in Stressed
chr6,164000000,mCG,c3,-0.0152859152477742,0.0302324438547348,0.9520865401557088,Decreased in Stressed
chr6,164100000,mCG,c3,-0.0152267492237299,0.0302324438547348,0.9520865401557088,Decreased in Stressed
chr6,164200000,mCG,c3,-0.0151597710467843,0.0302324438547348,0.9520865401557088,Decreased in Stressed
chr6,164300000,mCG,c3,-0.0150849997421875,0.0302324438547348,0.9520865401557088,Decreased in Stressed
chr6,164400000,mCG,c3,-0.0150024658546064,0.0302324438547348,0.9520865401557088,Decreased in Stressed
chr6,164500000,mCG,c3,-0.014912184787464,0.0368175340311563,0.9520865401557088,Decreased in Stressed
chr6,164600000,mCG,c3,-0.0148141432206816,0.0368175340311563,0.9520865401557088,Decreased in Stressed
chr6,164700000,mCG,c3,-0.014708351030291,0.0368175340311563,0.9520865401557088,Decreased in Stressed
chr6,164800000,mCG,c3,-0.0145948307760661,0.0445525578652513,0.9520865401557088,Decreased in Stressed
chr6,164900000,mCG,c3,-0.0144735427081363,0.0445525578652513,0.9520865401557088,Decreased in Stressed
chr6,165000000,mCG,c3,-0.014344515022264,0.0445525578652513,0.9520865401557088,Decreased in Stressed
chr6,165100000,mCG,c3,-0.0142077285131432,0.0445525578652513,0.9520865401557088,Decreased in Stressed
chr6,165200000,mCG,c3,-0.0140631075113843,0.0445525578652513,0.9520865401557088,Decreased in Stressed
chr6,165300000,mCG,c3,-0.0139104862576269,0.0445525578652513,0.9520865401557088,Decreased in Stressed
chr6,165400000,mCG,c3,-0.0137496331933593,0.0445525578652513,0.9520865401557088,Decreased in Stressed
chr6,165500000,mCG,c3,-0.0135803441776816,0.0445525578652513,0.9520865401557088,Decreased in Stressed
chr7,54200000,mCG,c3,0.0104780488251763,0.0445525578652513,1.0,Increased in Stressed
chr7,54300000,mCG,c3,0.0104992080538837,0.0445525578652513,1.0,Increased in Stressed
chr7,54400000,mCG,c3,0.0105130733907079,0.0445525578652513,1.0,Increased in Stressed
chr7,54500000,mCG,c3,0.0105198371705321,0.0445525578652513,1.0,Increased in Stressed
chr7,54600000,mCG,c3,0.0105197853784344,0.0445525578652513,1.0,Increased in Stressed
chr7,54700000,mCG,c3,0.0105132409951671,0.0445525578652513,1.0,Increased in Stressed
chr7,54800000,mCG,c3,0.0105005226263377,0.0445525578652513,1.0,Increased in Stressed
chr7,54900000,mCG,c3,0.0104819965450282,0.0445525578652513,1.0,Increased in Stressed
chr7,55400000,mCG,c3,0.0103190731193432,0.0445525578652513,1.0,Increased in Stressed
chr7,55500000,mCG,c3,0.0102755209547267,0.0368175340311563,1.0,Increased in Stressed
chr7,55600000,mCG,c3,0.0102293315546431,0.0368175340311563,1.0,Increased in Stressed
chr7,55700000,mCG,c3,0.010180975958802,0.0302324438547348,1.0,Increased in Stressed
chr7,55800000,mCG,c3,0.0101309719399498,0.0302324438547348,1.0,Increased in Stressed
chr7,55900000,mCG,c3,0.0100799264229693,0.0302324438547348,1.0,Increased in Stressed
chr7,56000000,mCG,c3,0.0100284232368943,0.0302324438547348,1.0,Increased in Stressed
chr7,56100000,mCG,c3,0.0099770257798241,0.0302324438547348,1.0,Increased in Stressed
chr7,56200000,mCG,c3,0.0099262196965912,0.0302324438547348,1.0,Increased in Stressed
chr7,56300000,mCG,c3,0.0098763471671712,0.024610545972775,1.0,Increased in Stressed
chr7,56400000,mCG,c3,0.0098276051639958,0.024610545972775,1.0,Increased in Stressed
chr7,56500000,mCG,c3,0.0097801176350196,0.0302324438547348,1.0,Increased in Stressed
chr7,56600000,mCG,c3,0.0097339932884861,0.0302324438547348,1.0,Increased in Stressed
chr7,56700000,mCG,c3,0.0096893373632427,0.024610545972775,1.0,Increased in Stressed
chr7,56800000,mCG,c3,0.009646129427534,0.0198928694284731,1.0,Increased in Stressed
chr7,56900000,mCG,c3,0.0096042742967112,0.0198928694284731,1.0,Increased in Stressed
chr7,57000000,mCG,c3,0.0095635161249607,0.0198928694284731,1.0,Increased in Stressed
chr7,57100000,mCG,c3,0.009523473455026,0.0099366062214359,0.921896243877668,Increased in Stressed
chr7,57200000,mCG,c3,0.0094837606427433,0.0099366062214359,0.921896243877668,Increased in Stressed
chr7,57300000,mCG,c3,0.0094439460917856,0.0099366062214359,0.921896243877668,Increased in Stressed
chr7,57400000,mCG,c3,0.009403625835394,0.0099366062214359,0.921896243877668,Increased in Stressed
chr7,57500000,mCG,c3,0.0093624016280891,0.0099366062214359,0.921896243877668,Increased in Stressed
chr7,57600000,mCG,c3,0.0093199201774516,0.0099366062214359,0.921896243877668,Increased in Stressed
chr7,57700000,mCG,c3,0.0092758504439769,0.0099366062214359,0.921896243877668,Increased in Stressed
chr7,57800000,mCG,c3,0.0092298557414092,0.0099366062214359,0.921896243877668,Increased in Stressed
chr7,57900000,mCG,c3,0.0091816136681175,0.0099366062214359,0.921896243877668,Increased in Stressed
chr7,58000000,mCG,c3,0.0091308298592986,0.0099366062214359,0.921896243877668,Increased in Stressed
chr7,58100000,mCG,c3,0.0090772486487,0.0077448523268956,0.921896243877668,Increased in Stressed
chr7,58200000,mCG,c3,0.0090206123042733,0.0059560666371811,0.921896243877668,Increased in Stressed
chr7,58300000,mCG,c3,0.0089539981071313,0.0059560666371811,0.921896243877668,Increased in Stressed
chr7,58400000,mCG,c3,0.0088938009015449,0.0059560666371811,0.921896243877668,Increased in Stressed
chr7,58500000,mCG,c3,0.0088301478424159,0.0059560666371811,0.921896243877668,Increased in Stressed
chr7,58600000,mCG,c3,0.0087629666095003,0.0059560666371811,0.921896243877668,Increased in Stressed
chr7,58700000,mCG,c3,0.0086921713955661,0.0059560666371811,0.921896243877668,Increased in Stressed
chr7,58800000,mCG,c3,0.0086177066370787,0.0099366062214359,0.921896243877668,Increased in Stressed
chr7,58900000,mCG,c3,0.0085396776597368,0.0126492702344095,1.0,Increased in Stressed
chr7,59000000,mCG,c3,0.0084582963228665,0.0126492702344095,1.0,Increased in Stressed
chr7,59100000,mCG,c3,0.0083737939770498,0.0126492702344095,1.0,Increased in Stressed
chr7,59200000,mCG,c3,0.0082864352403964,0.015922158337019,1.0,Increased in Stressed
chr7,59300000,mCG,c3,0.0081966206097159,0.015922158337019,1.0,Increased in Stressed
chr7,59400000,mCG,c3,0.0081047708902131,0.015922158337019,1.0,Increased in Stressed
chr7,59500000,mCG,c3,0.0080112944482566,0.0198928694284731,1.0,Increased in Stressed
chr7,59600000,mCG,c3,0.0079165828097602,0.0198928694284731,1.0,Increased in Stressed
chr7,59700000,mCG,c3,0.0078210600474293,0.0198928694284731,1.0,Increased in Stressed
chr7,59800000,mCG,c3,0.0077414330735925,0.0198928694284731,1.0,Increased in Stressed
chr7,60900000,mCG,c3,0.0067282068741039,0.0445525578652513,1.0,Increased in Stressed
chr7,61000000,mCG,c3,0.0066462783921673,0.0445525578652513,1.0,Increased in Stressed
chr8,103700000,mCG,c3,0.010208172701043,0.0445525578652513,1.0,Increased in Stressed
chr8,103800000,mCG,c3,0.0102300637718568,0.0368175340311563,1.0,Increased in Stressed
chr8,103900000,mCG,c3,0.0102400171486096,0.024610545972775,1.0,Increased in Stressed
chr8,104000000,mCG,c3,0.010237804793703,0.0198928694284731,1.0,Increased in Stressed
chr8,104100000,mCG,c3,0.0102232318634949,0.0198928694284731,1.0,Increased in Stressed
chr8,104200000,mCG,c3,0.0101961965710322,0.0198928694284731,1.0,Increased in Stressed
chr8,104300000,mCG,c3,0.0101566441606779,0.015922158337019,1.0,Increased in Stressed
chr8,104400000,mCG,c3,0.0101046352458624,0.0126492702344095,1.0,Increased in Stressed
chr8,104500000,mCG,c3,0.0100400987485511,0.0126492702344095,1.0,Increased in Stressed
chr8,104600000,mCG,c3,0.0099630265095429,0.0099366062214359,1.0,Increased in Stressed
chr8,104700000,mCG,c3,0.0098734610768025,0.0099366062214359,1.0,Increased in Stressed
chr8,104800000,mCG,c3,0.0097712826432607,0.0099366062214359,1.0,Increased in Stressed
chr8,104900000,mCG,c3,0.0096564163576136,0.0099366062214359,1.0,Increased in Stressed
chr8,105000000,mCG,c3,0.0095287820451992,0.0099366062214359,1.0,Increased in Stressed
chr8,105100000,mCG,c3,0.0093884022153749,0.0198928694284731,1.0,Increased in Stressed
chr8,105200000,mCG,c3,0.009235635924623,0.0198928694284731,1.0,Increased in Stressed
chr8,105300000,mCG,c3,0.0090707908385285,0.024610545972775,1.0,Increased in Stressed
chr8,105400000,mCG,c3,0.0088940639619718,0.0302324438547348,1.0,Increased in Stressed
chr8,105500000,mCG,c3,0.0087059618624889,0.0368175340311563,1.0,Increased in Stressed
chr8,105600000,mCG,c3,0.0085070632893622,0.0368175340311563,1.0,Increased in Stressed
chr8,105700000,mCG,c3,0.0082978519328542,0.0368175340311563,1.0,Increased in Stressed
chr8,105800000,mCG,c3,0.0080785168407941,0.0368175340311563,1.0,Increased in Stressed
chr8,105900000,mCG,c3,0.0078491529162489,0.0445525578652513,1.0,Increased in Stressed
chr8,106100000,mCG,c3,0.0073604568106375,0.0302324438547348,1.0,Increased in Stressed
chr8,106200000,mCG,c3,0.0071010408582841,0.0302324438547348,1.0,Increased in Stressed
chr8,106300000,mCG,c3,0.0068313580998411,0.0445525578652513,1.0,Increased in Stressed
chr8,133400000,mCG,c3,-0.0103059735357928,0.0445525578652513,1.0,Decreased in Stressed
chr8,133500000,mCG,c3,-0.0103747405197163,0.0368175340311563,1.0,Decreased in Stressed
chr8,133600000,mCG,c3,-0.0104341735720601,0.0368175340311563,1.0,Decreased in Stressed
chr8,133700000,mCG,c3,-0.0104837559058053,0.0368175340311563,1.0,Decreased in Stressed
chr8,133800000,mCG,c3,-0.0105230979871391,0.0445525578652513,1.0,Decreased in Stressed
chr9,49500000,mCG,c3,0.0066308792457712,0.0445525578652513,0.6927069525666018,Increased in Stressed
chr9,49600000,mCG,c3,0.0065572491521812,0.0368175340311563,0.6927069525666018,Increased in Stressed
chr9,49700000,mCG,c3,0.0064894994940889,0.0445525578652513,0.6927069525666018,Increased in Stressed
chr9,49800000,mCG,c3,0.0064281107293149,0.0368175340311563,0.6927069525666018,Increased in Stressed
chr9,49900000,mCG,c3,0.0063730834152377,0.0445525578652513,0.6927069525666018,Increased in Stressed
chr9,78900000,mCG,c3,-0.0085368097624594,0.0445525578652513,0.6927069525666018,Decreased in Stressed
chr9,79000000,mCG,c3,-0.0087651739888567,0.0198928694284731,0.6927069525666018,Decreased in Stressed
chr9,79100000,mCG,c3,-0.0089937795462817,0.015922158337019,0.6927069525666018,Decreased in Stressed
chr9,79200000,mCG,c3,-0.009222030020848,0.0126492702344095,0.6927069525666018,Decreased in Stressed
chr9,79300000,mCG,c3,-0.0094493504354491,0.015922158337019,0.6927069525666018,Decreased in Stressed
chr9,79400000,mCG,c3,-0.0096751747020384,0.015922158337019,0.6927069525666018,Decreased in Stressed
chr9,79500000,mCG,c3,-0.0098988275459042,0.0126492702344095,0.6927069525666018,Decreased in Stressed
chr9,79600000,mCG,c3,-0.0101197401148251,0.0126492702344095,0.6927069525666018,Decreased in Stressed
chr9,79700000,mCG,c3,-0.0103376249475515,0.015922158337019,0.6927069525666018,Decreased in Stressed
chr9,79800000,mCG,c3,-0.010552388300016,0.015922158337019,0.6927069525666018,Decreased in Stressed
chr9,79900000,mCG,c3,-0.0107642656985242,0.015922158337019,0.6927069525666018,Decreased in Stressed
chr9,80000000,mCG,c3,-0.0109734388761204,0.0198928694284731,0.6927069525666018,Decreased in Stressed
chr9,80100000,mCG,c3,-0.0111801156136315,0.0198928694284731,0.6927069525666018,Decreased in Stressed
chr9,80200000,mCG,c3,-0.011384322991643,0.0198928694284731,0.6927069525666018,Decreased in Stressed
chr9,80300000,mCG,c3,-0.011585607543048,0.0198928694284731,0.6927069525666018,Decreased in Stressed
chr9,80400000,mCG,c3,-0.0117833126207644,0.0198928694284731,0.6927069525666018,Decreased in Stressed
chr9,80500000,mCG,c3,-0.0119768026448017,0.024610545972775,0.6927069525666018,Decreased in Stressed
chr9,80600000,mCG,c3,-0.0121656581859443,0.0302324438547348,0.6927069525666018,Decreased in Stressed
chr9,80700000,mCG,c3,-0.012349709932325,0.0368175340311563,0.6927069525666018,Decreased in Stressed
chr9,80800000,mCG,c3,-0.0125288952207378,0.0368175340311563,0.6927069525666018,Decreased in Stressed
chr9,80900000,mCG,c3,-0.0127032868124681,0.0445525578652513,0.6927069525666018,Decreased in Stressed
chrX,38200000,mCG,c3,-0.0142389757114338,0.0445525578652513,0.5994772017763709,Decreased in Stressed
chrX,38300000,mCG,c3,-0.0143016174316566,0.0445525578652513,0.5994772017763709,Decreased in Stressed
chrX,38400000,mCG,c3,-0.014356079762014,0.0445525578652513,0.5994772017763709,Decreased in Stressed
chrX,38500000,mCG,c3,-0.0144024513155307,0.0445525578652513,0.5994772017763709,Decreased in Stressed
chrX,38600000,mCG,c3,-0.0144410926660641,0.0445525578652513,0.5994772017763709,Decreased in Stressed
chrX,38700000,mCG,c3,-0.0144724782612417,0.0445525578652513,0.5994772017763709,Decreased in Stressed
chrX,38800000,mCG,c3,-0.0144969932066081,0.0445525578652513,0.5994772017763709,Decreased in Stressed
chrX,38900000,mCG,c3,-0.0145150836663855,0.0445525578652513,0.5994772017763709,Decreased in Stressed
chrX,39000000,mCG,c3,-0.0145270258116618,0.0445525578652513,0.5994772017763709,Decreased in Stressed
chrX,39100000,mCG,c3,-0.014533000737874,0.0445525578652513,0.5994772017763709,Decreased in Stressed
chrX,39200000,mCG,c3,-0.0145331608562989,0.0445525578652513,0.5994772017763709,Decreased in Stressed
chrX,39300000,mCG,c3,-0.0145277303682728,0.0445525578652513,0.5994772017763709,Decreased in Stressed
chrX,39400000,mCG,c3,-0.0145170268442086,0.0445525578652513,0.5994772017763709,Decreased in Stressed
chrX,39500000,mCG,c3,-0.0145013584157199,0.0445525578652513,0.5994772017763709,Decreased in Stressed
chrX,39600000,mCG,c3,-0.0144809384772159,0.0445525578652513,0.5994772017763709,Decreased in Stressed
chrX,39700000,mCG,c3,-0.0144559392944995,0.0445525578652513,0.5994772017763709,Decreased in Stressed
chrX,39800000,mCG,c3,-0.0144264936070759,0.0445525578652513,0.5994772017763709,Decreased in Stressed
chrX,39900000,mCG,c3,-0.0143928347569149,0.0445525578652513,0.5994772017763709,Decreased in Stressed
chrX,40000000,mCG,c3,-0.0143553484841328,0.0445525578652513,0.5994772017763709,Decreased in Stressed
chrX,40100000,mCG,c3,-0.014314431766675,0.0445525578652513,0.5994772017763709,Decreased in Stressed
chrX,40600000,mCG,c3,-0.014066912032401,0.0445525578652513,0.5994772017763709,Decreased in Stressed
chrX,40700000,mCG,c3,-0.0140097379845562,0.0445525578652513,0.5994772017763709,Decreased in Stressed
chrX,41300000,mCG,c3,-0.0136264775763615,0.0445525578652513,0.5994772017763709,Decreased in Stressed
chrX,41500000,mCG,c3,-0.0134876227703977,0.0445525578652513,0.5994772017763709,Decreased in Stressed
chrX,41600000,mCG,c3,-0.0134170073005919,0.0445525578652513,0.5994772017763709,Decreased in Stressed
chrX,41700000,mCG,c3,-0.0133454792664767,0.0445525578652513,0.5994772017763709,Decreased in Stressed
chrX,41800000,mCG,c3,-0.0132728119186712,0.0445525578652513,0.5994772017763709,Decreased in Stressed
chrX,41900000,mCG,c3,-0.0131986183381773,0.0368175340311563,0.5994772017763709,Decreased in Stressed
chrX,42000000,mCG,c3,-0.0131226541002256,0.0368175340311563,0.5994772017763709,Decreased in Stressed
chrX,42100000,mCG,c3,-0.0130449087639114,0.0445525578652513,0.5994772017763709,Decreased in Stressed
chrX,42200000,mCG,c3,-0.0129651919206165,0.0302324438547348,0.5994772017763709,Decreased in Stressed
chrX,42300000,mCG,c3,-0.0128831396351928,0.0302324438547348,0.5994772017763709,Decreased in Stressed
chrX,42400000,mCG,c3,-0.0127983142673535,0.0302324438547348,0.5994772017763709,Decreased in Stressed
chrX,42500000,mCG,c3,-0.0127104281041804,0.0445525578652513,0.5994772017763709,Decreased in Stressed
